<?xml version="1.0" encoding="UTF-8" standalone="no"?>
<!DOCTYPE data-dictionary SYSTEM "data-dictionary.dtd">
<data-dictionary name="BharathTaskCompletionHandler">
	<table createtable="true" name="bharath_task_completion_handler_main_table" system="false" template="false">
		<columns>
			<column name="task_timing_id">
				<data-type>INTEGER</data-type>
                <nullable>false</nullable>
                <uniquevalue-generation>
					<generator-name>bharath_task_completion_handler_main_table.task_timing_id</generator-name>
                </uniquevalue-generation>
			</column>
            <column name="task_name_name">
				<data-type>CHAR</data-type>
				<max-size>1000</max-size>
                <nullable>false</nullable>
			</column>
			<column name="execution_time">
				<data-type>DATETIME</data-type>
                <nullable>false</nullable>
			</column>
		</columns>
		<primary-key name="bharath_task_completion_handler_main_table_pk">
			<primary-key-column>task_timing_id</primary-key-column>
		</primary-key>
    </table>
</data-dictionary>
